{
  "n_sessions": 12899779,
  "n_events": 216716096,
  "n_items": 1855603,
  "event_type_counts": {
    "clicks": 194720954,
    "carts": 16896191,
    "orders": 5098951
  },
  "event_type_props": {
    "clicks": 0.8985071141185563,
    "carts": 0.07796463350834817,
    "orders": 0.023528252373095537
  },
  "session_length_summary": {
    "mean": 16.799985178040647,
    "median": 6.0,
    "p25": 3.0,
    "p75": 15.0,
    "p95": 68.0,
    "p99": 176.0,
    "max": 500
  },
  "top10_share": 0.004702138045159322,
  "top1pct_share": 0.38205677625348144,
  "top20_items": [
    [
      1460571,
      129004
    ],
    [
      485256,
      126836
    ],
    [
      108125,
      118524
    ],
    [
      29735,
      113279
    ],
    [
      1733943,
      105091
    ],
    [
      832192,
      91325
    ],
    [
      184976,
      90244
    ],
    [
      166037,
      84657
    ],
    [
      554660,
      80197
    ],
    [
      231487,
      79872
    ],
    [
      1502122,
      78203
    ],
    [
      986164,
      76988
    ],
    [
      1603001,
      76737
    ],
    [
      322370,
      74027
    ],
    [
      1236775,
      74026
    ],
    [
      332654,
      71732
    ],
    [
      1196256,
      68329
    ],
    [
      756588,
      66962
    ],
    [
      1083665,
      65124
    ],
    [
      959208,
      64900
    ]
  ]
}